-- phpMyAdmin SQL Dump
-- version 5.2.0
-- https://www.phpmyadmin.net/
--
-- Host: 127.0.0.1
-- Generation Time: Jun 16, 2022 at 12:21 AM
-- Server version: 10.4.24-MariaDB
-- PHP Version: 7.4.29

SET SQL_MODE = "NO_AUTO_VALUE_ON_ZERO";
START TRANSACTION;
SET time_zone = "+00:00";


/*!40101 SET @OLD_CHARACTER_SET_CLIENT=@@CHARACTER_SET_CLIENT */;
/*!40101 SET @OLD_CHARACTER_SET_RESULTS=@@CHARACTER_SET_RESULTS */;
/*!40101 SET @OLD_COLLATION_CONNECTION=@@COLLATION_CONNECTION */;
/*!40101 SET NAMES utf8mb4 */;

--
-- Database: `olak_petroleum`
--

-- --------------------------------------------------------

--
-- Table structure for table `access_control`
--

CREATE TABLE `access_control` (
  `id` int(11) NOT NULL,
  `user_id` varchar(50) NOT NULL,
  `dashboard` varchar(50) NOT NULL,
  `sales_mgt` varchar(191) NOT NULL,
  `add_dip` varchar(50) NOT NULL,
  `add_sales` varchar(50) NOT NULL,
  `edit_sales` varchar(50) NOT NULL,
  `manage_sales` varchar(50) NOT NULL,
  `expenses_mgt` varchar(191) NOT NULL,
  `add_exp` varchar(50) NOT NULL,
  `edit_exp` varchar(50) NOT NULL,
  `delete_exp` varchar(50) NOT NULL,
  `report_mgt` varchar(50) NOT NULL,
  `access_control` varchar(50) NOT NULL,
  `company_setup` varchar(50) NOT NULL,
  `user_mgt` varchar(50) NOT NULL,
  `product_mgt` varchar(191) NOT NULL,
  `filtering` varchar(50) NOT NULL,
  `created_by` varchar(191) NOT NULL,
  `created_at` datetime NOT NULL DEFAULT current_timestamp(),
  `deleted` varchar(11) DEFAULT NULL
) ENGINE=InnoDB DEFAULT CHARSET=utf8mb4;

--
-- Dumping data for table `access_control`
--

INSERT INTO `access_control` (`id`, `user_id`, `dashboard`, `sales_mgt`, `add_dip`, `add_sales`, `edit_sales`, `manage_sales`, `expenses_mgt`, `add_exp`, `edit_exp`, `delete_exp`, `report_mgt`, `access_control`, `company_setup`, `user_mgt`, `product_mgt`, `filtering`, `created_by`, `created_at`, `deleted`) VALUES
(1, '1', '1', '1', '1', '1', '1', '1', '1', '1', '1', '1', '1', '1', '1', '1', '1', '1', '1', '2022-04-21 13:58:19', ''),
(2, '2', '0', '1', '1', '1', '1', '1', '1', '1', '1', '1', '1', '0', '0', '1', '1', '1', '2', '2022-05-30 03:01:22', ''),
(3, '3', '0', '1', '1', '0', '0', '1', '0', '0', '0', '0', '1', '0', '0', '0', '0', '1', '1', '2022-05-30 10:17:22', ''),
(4, '4', '0', '1', '1', '0', '0', '1', '0', '0', '0', '0', '1', '0', '0', '0', '0', '1', '1', '2022-05-30 10:19:22', ''),
(5, '5', '1', '1', '0', '0', '0', '1', '1', '0', '0', '0', '1', '1', '1', '1', '1', '1', '0', '2022-06-07 07:29:42', ''),
(6, '6', '0', '1', '1', '1', '0', '0', '0', '0', '0', '0', '0', '0', '0', '0', '0', '1', '1', '2022-06-09 10:16:26', ''),
(7, '7', '0', '1', '1', '1', '1', '1', '1', '1', '0', '0', '1', '0', '0', '0', '1', '1', '7', '2022-06-09 11:12:43', ''),
(8, '8', '0', '1', '1', '1', '1', '1', '1', '1', '1', '1', '1', '0', '0', '1', '1', '1', '1', '2022-06-09 11:26:45', ''),
(9, '9', '0', '1', '0', '1', '0', '0', '0', '0', '0', '0', '0', '0', '0', '0', '0', '1', '1', '2022-06-09 11:36:41', ''),
(10, '10', '0', '1', '0', '1', '0', '0', '0', '0', '0', '0', '0', '0', '0', '0', '0', '1', '1', '2022-06-09 11:40:12', ''),
(11, '11', '0', '1', '1', '0', '0', '1', '0', '0', '0', '0', '1', '0', '0', '0', '0', '1', '1', '2022-06-09 11:47:11', ''),
(12, '12', '0', '1', '0', '0', '1', '1', '1', '1', '0', '0', '1', '0', '0', '0', '1', '1', '1', '2022-06-09 11:50:16', ''),
(13, '13', '0', '1', '0', '1', '0', '0', '0', '0', '0', '0', '0', '0', '0', '0', '0', '1', '1', '2022-06-09 12:04:07', ''),
(14, '14', '1', '1', '0', '0', '0', '0', '1', '0', '0', '0', '1', '0', '0', '0', '0', '1', '1', '2022-06-10 20:57:17', ''),
(15, '15', '1', '1', '0', '0', '0', '0', '1', '0', '0', '0', '1', '0', '0', '0', '0', '1', '1', '2022-06-10 21:02:37', ''),
(16, '16', '1', '1', '0', '0', '1', '0', '0', '0', '1', '1', '1', '0', '0', '0', '1', '1', '1', '2022-06-10 21:07:27', '');

-- --------------------------------------------------------

--
-- Table structure for table `admins`
--

CREATE TABLE `admins` (
  `id` int(11) NOT NULL,
  `full_name` varchar(191) NOT NULL,
  `email` varchar(191) NOT NULL,
  `phone` varchar(191) NOT NULL,
  `profile_img` varchar(191) NOT NULL,
  `address` varchar(255) NOT NULL,
  `hashed_password` varchar(255) NOT NULL,
  `reset_password` varchar(2) NOT NULL DEFAULT '0',
  `admin_level` varchar(2) NOT NULL,
  `company_id` varchar(191) NOT NULL,
  `branch_id` varchar(191) NOT NULL,
  `status` varchar(2) NOT NULL,
  `created_at` datetime NOT NULL,
  `updated_at` datetime NOT NULL,
  `created_by` varchar(5) DEFAULT NULL,
  `deleted` varchar(5) DEFAULT NULL
) ENGINE=InnoDB DEFAULT CHARSET=utf8mb4;

--
-- Dumping data for table `admins`
--

INSERT INTO `admins` (`id`, `full_name`, `email`, `phone`, `profile_img`, `address`, `hashed_password`, `reset_password`, `admin_level`, `company_id`, `branch_id`, `status`, `created_at`, `updated_at`, `created_by`, `deleted`) VALUES
(1, 'Super Admin', 'admin1@gmail.com', '08012345678', 'olak.png', 'Ilori, Kwara State', '$2y$10$df9kgE/lDm/j3TyklJyoguf5w0MTfZE8tpJqs1EUINLn7XqZYptka', '1', '1', '1', '1', '', '2022-05-30 01:06:43', '2022-05-30 01:06:43', '1', NULL),
(2, 'Compliance Personel', 'compliance@gmail.com', '08087654321', 'ee455f890b6c099e53081a4df0fc0913.jpg', 'A Division, Ilorin, Kwara State', '$2y$10$df9kgE/lDm/j3TyklJyoguf5w0MTfZE8tpJqs1EUINLn7XqZYptka', '0', '5', '1', '1', '', '2022-05-30 03:01:22', '2022-05-30 03:01:22', '2', ''),
(3, 'Aderibigbe Mudasir', 'mudasir@gmail.com', '08000000000', 'c511658b0f317a7e0de6969fe2c15ecc.jpg', '', '$2y$10$kxG8.IpGfqXC5fTtb5lNxe4A1eI7vu50./K9rN0q8tWJR4JGt0c5C', '0', '6', '1', '3', '', '2022-05-30 10:17:21', '2022-05-30 10:17:21', '1', ''),
(4, 'Abdulsalam Abdulfatai', 'fatai@gmail.com', '08012345678', '9c38dedfe125b231f298f2b3790db383.jpg', '', '$2y$10$1eGg5yZI7uhfm2ou02Gk4O4z2qSaJeoTHuzWYilr.OBNiosRVzwr.', '0', '6', '1', '1', '', '2022-05-30 10:19:22', '2022-05-30 10:19:22', '1', ''),
(5, 'Special User', 'special@gmail.com', '08098765432', 'b206dc6211241171382a785717c09d11.png', '', '$2y$10$J8lOL/FN0OkGAIjejMpMV.11tlMjLpCY/Rg1L21fiqXur8BUKCHK6', '0', '8', '1', '1', '', '2022-05-30 12:12:20', '2022-05-30 12:12:20', '1', ''),
(6, 'Ibrahim Labaika', 'ibrahimlabaika360@gmail.com', '07068380484', '', '', '$2y$10$PXcCENeHRSYTe0w7yQjdieRSdEuzFEVzzRCryGLQ.DOV8IuSgrnxy', '0', '7', '1', '1', '', '2022-06-09 10:16:26', '2022-06-09 10:16:26', '1', ''),
(7, 'Azeez Olugbaje', 'olugbaje488@gmail.com', '07066268526', '', '', '$2y$10$cMF5ByywHdg.4U0nY0qj5uSbVNcKYi0EAfmwliZfBdCzKg9Df9CpG', '0', '5', '1', '3', '', '2022-06-09 11:12:42', '2022-06-09 11:12:42', '7', ''),
(8, 'Ibrahim Labaika', 'cibrahim@gmail.com', '0', '', '', '$2y$10$/Yxvdlis7mBqTczvA4ZtIejEe7JNcgcq4HDboRNvJbSPjqvvPztUe', '0', '5', '1', '1', '', '2022-06-09 11:26:45', '2022-06-09 11:26:45', '1', ''),
(9, 'Abiodun Ambali', 'ambali@gmail.com', '0', '', '', '$2y$10$EOzt0nNS7YEKEWtYf3UI2equ.1xp3/80ADtII10xTLFP.uTCcHDoK', '0', '7', '1', '3', '', '2022-06-09 11:36:41', '2022-06-09 11:36:41', '1', ''),
(10, 'Ismaila Sheriffdeen', 'sheriffdeenismaila98@gmail.com', '0', '', '', '$2y$10$94MEeiU99fB/3mZ0FzRHIeDSKJkcTUMygnGBeSsx3GEA27.4zTHD6', '0', '7', '1', '3', '', '2022-06-09 11:40:12', '2022-06-09 11:40:12', '1', ''),
(11, 'Jimoh Abdullahi', 'jimohabdullahi@gmail.com', '0', '', '', '$2y$10$XSQK5NZNLF7TX2QR1GfXVuBpv6dM1DyDYnIvzYy4KWLJmrEMAMf8y', '0', '6', '1', '2', '', '2022-06-09 11:47:11', '2022-06-09 11:47:11', '1', ''),
(12, 'Saidu Mohammed Kamaldeen', 'razalghul0@gmail.com', '0', '', '', '$2y$10$h2s1nvLfeACU2K3FIcgbXeyBJu3Ms.K2NuBikfJEbRDlsjJz2jy/y', '0', '5', '1', '2', '', '2022-06-09 11:50:16', '2022-06-09 11:50:16', '1', ''),
(13, 'Olusegun Okewole', 'agbawoliolak@gmail.com', '0', '', '', '$2y$10$xVKQ4BmKw6BIW69oPl3bPOmHw.eDfOGUxZcSiblpiDsJJYDkOsd.m', '0', '7', '1', '2', '', '2022-06-09 12:04:06', '2022-06-09 12:04:06', '1', ''),
(14, ' Ayinla Akeem', 'akokoayinla50@gmail.com', '0', '', '', '$2y$10$AuGssJV4KgBujDtcI5rHZ.ejP4cyJHwWBCkeVyFzHI9tV/zBiboDW', '0', '3', '1', '1', '', '2022-06-10 20:57:17', '2022-06-10 20:57:17', '1', ''),
(15, 'Alagbile Emmanuel', 'sunday4real@gmail.com', '0', '', '', '$2y$10$s7s2bxBfXSBx5FpUUk3Ga.8R7RbuROVM0m5/OGIyvzdMji2UQwItW', '0', '3', '1', '1', '', '2022-06-10 21:02:37', '2022-06-10 21:02:37', '1', ''),
(16, 'Olurotimi Jacob', 'olurotimijacob@gmail.com', '0', '', '', '$2y$10$1lxsA1lqKT.Mc.zz1zFpPeK.FNTGiLpmJTDk2wQbIk8QhtmKU6PBy', '0', '5', '1', '3', '', '2022-06-10 21:07:27', '2022-06-10 21:07:27', '1', '');

-- --------------------------------------------------------

--
-- Table structure for table `branches`
--

CREATE TABLE `branches` (
  `id` int(11) NOT NULL,
  `company_id` varchar(50) NOT NULL,
  `name` varchar(50) NOT NULL,
  `address` varchar(50) NOT NULL,
  `city` varchar(50) NOT NULL,
  `state` varchar(50) NOT NULL,
  `established_in` varchar(50) NOT NULL,
  `created_at` datetime DEFAULT NULL,
  `deleted` varchar(11) DEFAULT NULL
) ENGINE=InnoDB DEFAULT CHARSET=utf8mb4;

--
-- Dumping data for table `branches`
--

INSERT INTO `branches` (`id`, `company_id`, `name`, `address`, `city`, `state`, `established_in`, `created_at`, `deleted`) VALUES
(1, '1', 'A Division', 'Ilorin, Kwara State', 'Ilorin', 'Kwara', '2020-04-01', '2022-05-30 00:51:55', ''),
(2, '1', 'Usanda', 'Usanda, Ilorin, Kwara', 'Ilorin', 'Kwara', '2020-01-01', '2022-05-30 00:53:09', ''),
(3, '1', 'Toll Gate', 'Toll Gate', 'Ibadan', 'Oyo', '2022-06-07', '2022-06-08 14:07:25', '');

-- --------------------------------------------------------

--
-- Table structure for table `cash_flow`
--

CREATE TABLE `cash_flow` (
  `id` int(11) NOT NULL,
  `credit_sales` varchar(191) NOT NULL,
  `cash_sales` varchar(191) NOT NULL,
  `pos` varchar(191) NOT NULL,
  `transfer` varchar(255) NOT NULL,
  `cheque` varchar(50) NOT NULL,
  `credit_voucher` varchar(255) NOT NULL,
  `narration` text NOT NULL,
  `company_id` varchar(50) NOT NULL,
  `branch_id` varchar(50) NOT NULL,
  `created_by` varchar(5) NOT NULL,
  `created_at` date NOT NULL,
  `updated_at` datetime NOT NULL,
  `deleted` varchar(5) NOT NULL
) ENGINE=InnoDB DEFAULT CHARSET=utf8mb4;

--
-- Dumping data for table `cash_flow`
--

INSERT INTO `cash_flow` (`id`, `credit_sales`, `cash_sales`, `pos`, `transfer`, `cheque`, `credit_voucher`, `narration`, `company_id`, `branch_id`, `created_by`, `created_at`, `updated_at`, `deleted`) VALUES
(1, '35000', '60000', '25000', '40000', '25000', '', 'Thanks', '1', '1', '1', '2022-06-05', '0000-00-00 00:00:00', ''),
(2, '853484', '853484', '853484', '853484', '853484', '', '', '1', '1', '3', '2022-06-07', '0000-00-00 00:00:00', ''),
(3, '599000', '4396310', '1690674', '', '0', '', 'Cash to zenith bank#1,694,850\r\nPOS to stabic bank#798,915\r\nPOS to heritage bank#891,759\r\nCredit sales\r\nAroma lwo road for AGO 400Liters#320,000\r\nAroma Tollgate for AGO 100Liters#80,000\r\nTransport Expenses#199,000', '1', '3', '3', '2022-06-09', '0000-00-00 00:00:00', ''),
(4, '11950', '2353200', '569705', '0', '0', '', 'nil', '1', '1', '4', '2022-06-10', '0000-00-00 00:00:00', ''),
(5, '0', '1149955', '28200', '', '0', '', 'wema pos of 28200', '1', '2', '11', '2022-06-11', '0000-00-00 00:00:00', ''),
(6, '52150', '926805', '199495', '0', '0', '', 'NB\r\naccess bank bought 26,000 wort of PMS on credit, while Mr. Patrick also bought PMS of 26,150.\r\nGTB POS = 105,795\r\nACCESS POS= 93,700 ', '1', '1', '4', '2022-06-11', '0000-00-00 00:00:00', ''),
(7, '24000', '2584260', '1005571', '0', '0', '', 'POS to heritage#1,005,571\r\nCredit sales\r\nTransport Expense#24,000', '1', '3', '3', '2022-06-12', '0000-00-00 00:00:00', ''),
(8, '0', '772460', '54500', '0', '0', '', 'Wema Bank POS 54500', '1', '2', '11', '2022-06-13', '0000-00-00 00:00:00', ''),
(9, '27430', '842220', '406250', '0', '0', '', 'NB; Adegoke sunday paid in c/o POS #74,000 also Alhaji Lukman customer paid i n #35,720\r\ncredit sales c/o mr patrick, frontier and kia Jeep,. \r\nPOS: Access bank; 406,250', '1', '1', '4', '2022-06-13', '0000-00-00 00:00:00', ''),
(10, '20625', '394605', '70800', '0', '0', '', 'Wema Bank POS 70800', '1', '2', '11', '2022-06-14', '0000-00-00 00:00:00', ''),
(11, '1018055', '1358835', '334140', '424000', '0', '', 'Total of #76,320 is being paid in as listed below\r\n50, 000 by transport dept\r\n11, 800 by Olak Roofing\r\n14,520 c/o PMS bought for Frontier and KIA Jeep on 13-06-2022.\r\nCredit sales; Mr. Patrick 11,055. Access bank 7,000. and Olak Roofing #1,000,000\r\nTransfer into Olak petroleum = 424,000\r\nPOS: Access bank 334,140', '1', '1', '4', '2022-06-14', '0000-00-00 00:00:00', ''),
(12, '0', '110950', '5200', '0', '0', '', 'Wema POS', '1', '2', '11', '2022-06-15', '0000-00-00 00:00:00', ''),
(13, '0', '6,229,120', '4,490,126', '0', '0', '', 'Cash to zenith bank#1,372,950\r\nPOS to heritage bank#4,490,126', '1', '3', '3', '2022-06-15', '0000-00-00 00:00:00', ''),
(14, '149500', '733455', '244150', '0', '0', '', 'GM paid in 5350 c/o PMS bought on 14th June\r\nAccountant Bello paid in c/o PMS bought on 14th, June.\r\nCredit sale; Mr. Patrick 149,500\r\nPOS; Access bank= 244150', '1', '1', '4', '2022-06-15', '0000-00-00 00:00:00', '');

-- --------------------------------------------------------

--
-- Table structure for table `companies`
--

CREATE TABLE `companies` (
  `id` int(11) NOT NULL,
  `user_id` varchar(5) DEFAULT NULL,
  `full_name` varchar(191) NOT NULL,
  `email` varchar(191) DEFAULT NULL,
  `phone` varchar(191) NOT NULL,
  `name` varchar(191) DEFAULT NULL,
  `address` varchar(255) DEFAULT NULL,
  `reg_no` varchar(191) DEFAULT NULL,
  `logo` varchar(191) DEFAULT NULL,
  `created_at` date NOT NULL,
  `updated_at` date DEFAULT NULL,
  `deleted` varchar(191) DEFAULT NULL
) ENGINE=InnoDB DEFAULT CHARSET=utf8mb4;

--
-- Dumping data for table `companies`
--

INSERT INTO `companies` (`id`, `user_id`, `full_name`, `email`, `phone`, `name`, `address`, `reg_no`, `logo`, `created_at`, `updated_at`, `deleted`) VALUES
(1, '1', 'Super Admin', 'olak@integrated.com', '08012345678', 'Integrated Olak Group of Companies', 'Yidi road, Ilorin, Kwara State', '1000123', '4dc03fcc8632995896e7413eb4a67f5b.png', '2022-05-30', '0000-00-00', '');

-- --------------------------------------------------------

--
-- Table structure for table `data_sheet`
--

CREATE TABLE `data_sheet` (
  `id` int(11) NOT NULL,
  `product_id` varchar(5) NOT NULL,
  `rate` varchar(191) NOT NULL,
  `open_stock` varchar(50) NOT NULL,
  `new_stock` varchar(50) NOT NULL,
  `total_stock` varchar(15) NOT NULL,
  `sales_in_ltr` varchar(191) NOT NULL,
  `total_sales` varchar(15) NOT NULL,
  `expected_stock` varchar(191) NOT NULL,
  `actual_stock` varchar(191) NOT NULL,
  `expected_sales` varchar(15) NOT NULL,
  `over_or_short` varchar(50) NOT NULL,
  `company_id` varchar(15) NOT NULL,
  `branch_id` varchar(15) NOT NULL,
  `created_by` varchar(15) NOT NULL,
  `updated_by` varchar(50) NOT NULL,
  `created_at` varchar(50) NOT NULL,
  `updated_at` varchar(50) NOT NULL,
  `deleted` varchar(15) DEFAULT NULL
) ENGINE=InnoDB DEFAULT CHARSET=utf8mb4;

--
-- Dumping data for table `data_sheet`
--

INSERT INTO `data_sheet` (`id`, `product_id`, `rate`, `open_stock`, `new_stock`, `total_stock`, `sales_in_ltr`, `total_sales`, `expected_stock`, `actual_stock`, `expected_sales`, `over_or_short`, `company_id`, `branch_id`, `created_by`, `updated_by`, `created_at`, `updated_at`, `deleted`) VALUES
(1, '16', '165', '9200', '0', '9200', '', '', '', '4590.35', '', '-4609.65', '1', '3', '3', '', '2022-06-09', '', ''),
(2, '17', '165', '11950', '0', '11950', '', '', '', '9093.21', '', '-2856.79', '1', '3', '3', '', '2022-06-09', '', ''),
(3, '18', '165', '11050', '0', '11050', '', '', '', '9133.95', '', '-1916.05', '1', '3', '3', '', '2022-06-09', '', ''),
(4, '19', '165', '650', '0', '650', '', '', '', '650', '', '0', '1', '3', '3', '', '2022-06-09', '', ''),
(5, '20', '165', '0', '0', '0', '', '', '', '0', '', '0', '1', '3', '3', '', '2022-06-09', '', ''),
(6, '21', '700', '10150', '0', '10150', '', '', '', '9347', '', '-803', '1', '3', '3', '', '2022-06-09', '', ''),
(7, '20', '165', '0', '0', '0', '', '', '', '', '', '', '1', '3', '3', '', '2022-06-09', '', ''),
(8, '22', '700', '20350', '0', '20350', '', '', '', '17593', '', '-2757', '1', '3', '3', '', '2022-06-09', '', ''),
(9, '1', '165', '450', '15000', '15450', '', '', '', '8200', '', '-7250', '1', '1', '4', '', '2022-06-09', '', ''),
(10, '2', '165', '300', '15000', '15300', '', '', '', '10900', '', '-4400', '1', '1', '4', '', '2022-06-09', '', ''),
(11, '3', '165', '11550', '0', '11550', '', '', '', '4550', '', '-7000', '1', '1', '4', '', '2022-06-09', '', ''),
(12, '4', '165', '200', '15000', '15200', '', '', '', '11000', '', '-4200', '1', '1', '4', '', '2022-06-09', '', ''),
(13, '5', '165', '9600', '15000', '24600', '', '', '', '16050', '', '-8550', '1', '1', '4', '', '2022-06-09', '', ''),
(14, '6', '700', '2300', '0', '2300', '', '', '', '450', '', '-1850', '1', '1', '4', '', '2022-06-09', '', ''),
(15, '7', '700', '100', '0', '100', '', '', '', '100', '', '0', '1', '1', '4', '', '2022-06-09', '', ''),
(16, '8', '345', '100', '0', '100', '', '', '', '100', '', '0', '1', '1', '4', '', '2022-06-09', '', ''),
(17, '16', '165', '4600', '0', '4600', '2768.51', '456850', '1831.49', '1850', '456804.15', '18.51', '1', '3', '3', '10', '2022-06-10', '2022-06-10 20:57:17', ''),
(18, '17', '165', '9100', '0', '9100', '4595.21', '758300', '4504.79', '4550', '758209.65', '45.21', '1', '3', '3', '10', '2022-06-10', '2022-06-10 21:00:37', ''),
(19, '18', '165', '9150', '0', '9150', '3805.12', '627860', '5344.88', '5400', '627844.8', '55.12', '1', '3', '3', '10', '2022-06-10', '2022-06-10 21:09:53', ''),
(20, '19', '165', '650', '0', '650', '', '', '', '650', '', '0', '1', '3', '3', '', '2022-06-10', '', ''),
(21, '20', '165', '0', '0', '0', '', '', '', '0', '', '0', '1', '3', '3', '', '2022-06-10', '', ''),
(22, '21', '700', '9400', '0', '9400', '1179', '943225', '8221', '8300', '825300', '79', '1', '3', '3', '10', '2022-06-10', '2022-06-10 21:11:25', ''),
(23, '22', '700', '17700', '0', '17700', '3140', '2512035', '14560', '14750', '2198000', '190', '1', '3', '3', '10', '2022-06-10', '2022-06-10 21:12:39', ''),
(24, '1', '165', '8200', '0', '8200', '4143', '683600', '4057', '4100', '683595', '43', '1', '1', '4', '6', '2022-06-10', '2022-06-10 19:42:03', ''),
(25, '2', '165', '10900', '0', '10900', '2905', '479330', '7995', '8000', '479325', '5', '1', '1', '4', '6', '2022-06-10', '2022-06-10 19:42:46', ''),
(26, '3', '165', '4550', '0', '4550', '3899', '643335', '651', '600', '643335', '-51', '1', '1', '4', '6', '2022-06-10', '2022-06-10 19:44:16', ''),
(27, '4', '165', '11000', '0', '11000', '3356', '553740', '7644', '7700', '553740', '56', '1', '1', '4', '6', '2022-06-10', '2022-06-10 19:44:51', ''),
(28, '5', '165', '16050', '0', '16050', '3420', '564300', '12630', '12650', '564300', '20', '1', '1', '4', '6', '2022-06-10', '2022-06-10 19:45:31', ''),
(29, '6', '700', '450', '0', '450', '138', '103500', '312', '300', '96600', '-12', '1', '1', '4', '6', '2022-06-10', '2022-06-10 19:45:58', ''),
(30, '7', '700', '100', '0', '100', '0', '0', '100', '100', '0', '0', '1', '1', '4', '6', '2022-06-10', '2022-06-10 19:46:33', ''),
(31, '8', '345', '100', '0', '100', '0', '0', '100', '100', '0', '0', '1', '1', '4', '6', '2022-06-10', '2022-06-10 19:47:05', ''),
(32, '9', '165', '10400', '0', '10400', '3162', '3162', '7238', '7300', '521730', '62', '1', '2', '11', '13', '2022-06-10', '2022-06-10 20:11:25', ''),
(33, '10', '165', '5300', '0', '5300', '2731', '2731', '2569', '2550', '450615', '-19', '1', '2', '11', '13', '2022-06-10', '2022-06-10 20:12:01', ''),
(34, '11', '165', '100', '0', '100', '0', '0', '100', '100', '0', '0', '1', '2', '11', '13', '2022-06-10', '2022-06-10 20:12:22', ''),
(35, '12', '165', '5150', '0', '5150', '2850', '2850', '2300', '6000', '470250', '3700', '1', '2', '11', '13', '2022-06-10', '2022-06-10 20:12:48', ''),
(36, '14', '750', '150', '0', '150', '30', '30', '120', '100', '22500', '-20', '1', '2', '11', '13', '2022-06-10', '2022-06-10 20:13:13', ''),
(37, '6', '700', '8200', '0', '8200', '', '', '', '', '', '', '1', '1', '6', '', '2022-06-10', '', ''),
(38, '7', '700', '10900', '0', '10900', '', '', '', '', '', '', '1', '1', '6', '', '2022-06-10', '', ''),
(39, '16', '165', '1850', '0', '1850', '', '', '', '14100', '', '12250', '1', '3', '3', '', '2022-06-11', '', ''),
(40, '17', '165', '4550', '0', '4550', '', '', '', '15600', '', '11050', '1', '3', '3', '', '2022-06-11', '', ''),
(41, '9', '165', '7300', '0', '7300', '2615', '431475', '4685', '', '431475', '', '1', '2', '11', '13', '2022-06-11', '2022-06-11 16:23:38', ''),
(42, '18', '165', '5400', '0', '5400', '', '', '', '16750', '', '11350', '1', '3', '3', '', '2022-06-11', '', ''),
(43, '10', '165', '2550', '0', '2550', '1566', '258390', '984', '', '258390', '', '1', '2', '11', '13', '2022-06-11', '2022-06-11 16:25:09', ''),
(44, '19', '165', '650', '0', '650', '', '', '', '650', '', '0', '1', '3', '3', '', '2022-06-11', '', ''),
(45, '20', '165', '0', '0', '0', '', '', '', '0', '', '0', '1', '3', '3', '', '2022-06-11', '', ''),
(46, '11', '165', '100', '0', '100', '', '', '', '', '', '', '1', '2', '11', '', '2022-06-11', '', ''),
(47, '12', '165', '6000', '0', '6000', '2475', '408380', '3525', '', '408375', '', '1', '2', '11', '13', '2022-06-11', '2022-06-11 16:25:54', ''),
(48, '21', '700', '8300', '0', '8300', '', '', '', '7950', '', '-350', '1', '3', '3', '', '2022-06-11', '', ''),
(49, '22', '700', '14750', '0', '14750', '', '', '', '11600', '', '-3150', '1', '3', '3', '', '2022-06-11', '', ''),
(50, '14', '750', '100', '0', '100', '30', '22500', '70', '', '22500', '', '1', '2', '11', '13', '2022-06-11', '2022-06-11 16:27:06', ''),
(51, '1', '165', '4100', '0', '4100', '2992', '493680', '1108', '', '493680', '', '1', '1', '4', '6', '2022-06-11', '2022-06-11 18:18:18', ''),
(52, '2', '165', '8000', '0', '8000', '0', '0', '8000', '', '0', '', '1', '1', '4', '6', '2022-06-11', '2022-06-11 18:18:40', ''),
(53, '3', '165', '600', '0', '600', '0', '0', '600', '', '0', '', '1', '1', '4', '6', '2022-06-11', '2022-06-11 18:18:57', ''),
(54, '4', '165', '7700', '0', '7700', '3307', '545660', '4393', '', '545655', '', '1', '1', '4', '6', '2022-06-11', '2022-06-11 18:19:42', ''),
(55, '5', '165', '12650', '0', '12650', '2582', '426035', '10068', '', '426030', '', '1', '1', '4', '6', '2022-06-11', '2022-06-11 18:20:37', ''),
(56, '6', '700', '300', '0', '300', '0', '0', '300', '', '0', '', '1', '1', '4', '6', '2022-06-11', '2022-06-11 18:20:54', ''),
(57, '7', '700', '100', '0', '100', '0', '0', '100', '', '0', '', '1', '1', '4', '6', '2022-06-11', '2022-06-11 18:21:06', ''),
(58, '8', '345', '100', '0', '100', '0', '0', '100', '', '0', '', '1', '1', '4', '6', '2022-06-11', '2022-06-11 18:21:21', ''),
(59, '16', '165', '16950', '15100', '32050', '', '', '', '', '', '', '1', '3', '3', '', '2022-06-12', '', ''),
(60, '17', '165', '4550', '15000', '19550', '', '', '', '', '', '', '1', '3', '3', '', '2022-06-12', '', ''),
(61, '18', '165', '5400', '14900', '20300', '', '', '', '', '', '', '1', '3', '3', '', '2022-06-12', '', ''),
(62, '19', '165', '650', '0', '650', '', '', '', '650', '', '0', '1', '3', '3', '', '2022-06-12', '', ''),
(63, '20', '165', '0', '0', '0', '', '', '', '0', '', '0', '1', '3', '3', '', '2022-06-12', '', ''),
(64, '21', '700', '8300', '0', '8300', '418', '334420', '7882', '7550', '292600', '-332', '1', '3', '3', '9', '2022-06-12', '2022-06-12 20:41:37', ''),
(65, '22', '700', '14750', '0', '14750', '735', '588040', '14015', '10900', '514500', '-3115', '1', '3', '3', '9', '2022-06-12', '2022-06-12 20:42:46', ''),
(66, '23', '165', '14100', '0', '14100', '5101.62', '841815', '8998.38', '9050', '841767.3', '51.619999999999', '1', '3', '7', '9', '2022-06-12', '2022-06-12 20:31:13', ''),
(67, '24', '165', '15600', '0', '15600', '2093.14', '345385', '13506.86', '13500', '345368.1', '-6.8600000000006', '1', '3', '7', '9', '2022-06-12', '2022-06-12 20:33:14', ''),
(68, '18', '165', '1850', '14900', '16750', '2876.13', '474600', '13873.87', '13900', '474561.45', '26.130000000001', '1', '3', '3', '9', '2022-06-12', '2022-06-12 20:40:13', ''),
(69, '16', '165', '9050', '0', '9050', '6928.64', '1143330', '2121.36', '2200', '1143225.6', '78.64', '1', '3', '3', '9', '2022-06-13', '2022-06-13 21:12:25', ''),
(70, '17', '165', '13500', '0', '13500', '2738.21', '451875', '10761.79', '10800', '451804.65', '38.209999999999', '1', '3', '3', '9', '2022-06-13', '2022-06-13 21:14:19', ''),
(71, '18', '165', '13900', '0', '13900', '2631.85', '433770', '11268.15', '11300', '434255.25', '31.85', '1', '3', '3', '9', '2022-06-13', '2022-06-13 21:15:36', ''),
(72, '19', '165', '650', '0', '650', '', '', '', '650', '', '0', '1', '3', '3', '', '2022-06-13', '', ''),
(73, '20', '165', '0', '0', '0', '', '', '', '0', '', '0', '1', '3', '3', '', '2022-06-13', '', ''),
(74, '21', '800', '7550', '11000', '18550', '2183', '1746430', '16367', '16450', '1746400', '83', '1', '3', '3', '9', '2022-06-13', '2022-06-13 21:16:35', ''),
(75, '22', '800', '10900', '0', '10900', '658', '526420', '10242', '10300', '526400', '58', '1', '3', '3', '9', '2022-06-13', '2022-06-13 21:17:25', ''),
(76, '9', '165', '4700', '0', '4700', '2101', '346665', '2599', '2650', '346665', '51', '1', '2', '11', '13', '2022-06-13', '2022-06-13 17:57:53', ''),
(77, '10', '165', '1000', '0', '1000', '473', '78045', '527', '500', '78045', '-27', '1', '2', '11', '13', '2022-06-13', '2022-06-13 17:58:30', ''),
(78, '11', '165', '100', '0', '100', '', '', '', '100', '', '0', '1', '2', '11', '', '2022-06-13', '', ''),
(79, '12', '165', '3550', '0', '3550', '2563', '422895', '987', '1000', '422895', '13', '1', '2', '11', '13', '2022-06-13', '2022-06-13 17:59:07', ''),
(80, '14', '750', '50', '0', '50', '', '', '', '50', '', '0', '1', '2', '11', '', '2022-06-13', '', ''),
(81, '26', '650', '200', '0', '200', '', '', '', '200', '', '0', '1', '2', '11', '', '2022-06-13', '', ''),
(82, '1', '165', '1050', '0', '1050', '0', '0', '1050', '', '0', '-1050', '1', '1', '4', '6', '2022-06-13', '2022-06-13 19:41:41', ''),
(83, '2', '165', '8000', '0', '8000', '4285', '707025', '3715', '', '707025', '-3715', '1', '1', '4', '6', '2022-06-13', '2022-06-13 19:42:03', ''),
(84, '3', '165', '600', '0', '600', '0', '0', '600', '', '0', '-600', '1', '1', '4', '6', '2022-06-13', '2022-06-13 19:42:20', ''),
(85, '4', '165', '4450', '0', '4450', '4066', '670890', '384', '', '670890', '-384', '1', '1', '4', '6', '2022-06-13', '2022-06-13 19:42:45', ''),
(86, '5', '165', '10050', '0', '10050', '351', '57915', '9699', '', '57915', '-9699', '1', '1', '4', '6', '2022-06-13', '2022-06-13 19:43:06', ''),
(87, '6', '700', '300', '0', '300', '0', '0', '300', '', '0', '-300', '1', '1', '4', '6', '2022-06-13', '2022-06-13 19:43:22', ''),
(88, '7', '700', '100', '0', '100', '0', '0', '100', '', '0', '-100', '1', '1', '4', '6', '2022-06-13', '2022-06-13 19:43:35', ''),
(89, '8', '345', '100', '0', '100', '0', '0', '100', '', '0', '-100', '1', '1', '4', '6', '2022-06-13', '2022-06-13 19:43:44', ''),
(90, '16', '165', '2200', '0', '2200', '2202.37', '363430', '-2.3699999999999', '50', '363391.05', '52.37', '1', '3', '3', '9', '2022-06-14', '2022-06-14 20:39:55', ''),
(91, '17', '165', '10800', '0', '10800', '2660.1', '438970', '8139.9', '8100', '438916.5', '-39.9', '1', '3', '3', '9', '2022-06-14', '2022-06-14 20:41:30', ''),
(92, '18', '165', '11300', '0', '11300', '4249.36', '701205', '7050.64', '7100', '701144.4', '49.36', '1', '3', '3', '9', '2022-06-14', '2022-06-14 20:43:04', ''),
(93, '19', '165', '650', '0', '650', '', '', '', '650', '', '0', '1', '3', '3', '', '2022-06-14', '', ''),
(94, '20', '165', '0', '0', '0', '', '', '', '0', '', '0', '1', '3', '3', '', '2022-06-14', '', ''),
(95, '21', '800', '16450', '0', '16450', '2145', '1932070', '14305', '14150', '1716000', '-155', '1', '3', '3', '9', '2022-06-14', '2022-06-14 20:45:02', ''),
(96, '22', '800', '10300', '0', '10300', '1913', '1530470', '8387', '8500', '1530400', '113', '1', '3', '3', '9', '2022-06-14', '2022-06-14 20:46:37', ''),
(97, '9', '165', '2650', '0', '2650', '2389', '394185', '261', '250', '394185', '-11', '1', '2', '11', '13', '2022-06-14', '2022-06-14 19:00:37', ''),
(98, '10', '165', '500', '0', '500', '', '', '', '500', '', '0', '1', '2', '11', '', '2022-06-14', '', ''),
(99, '11', '165', '100', '0', '100', '', '', '', '100', '', '0', '1', '2', '11', '', '2022-06-14', '', ''),
(100, '12', '165', '1000', '0', '1000', '296', '48840', '704', '700', '48840', '-4', '1', '2', '11', '13', '2022-06-14', '2022-06-14 19:01:20', ''),
(101, '14', '750', '50', '0', '50', '77.5', '62000', '-27.5', '50', '58125', '77.5', '1', '2', '11', '13', '2022-06-14', '2022-06-14 19:02:00', ''),
(102, '26', '650', '200', '0', '200', '', '', '', '', '', '', '1', '2', '11', '', '2022-06-14', '', ''),
(103, '1', '165', '1050', '0', '1050', '0', '0', '1050', '1050', '0', '0', '1', '1', '4', '6', '2022-06-14', '2022-06-14 20:57:05', ''),
(104, '2', '165', '3750', '0', '3750', '575', '94880', '3175', '3200', '94875', '25', '1', '1', '4', '6', '2022-06-14', '2022-06-14 20:58:06', ''),
(105, '3', '165', '600', '0', '600', '0', '0', '600', '600', '0', '0', '1', '1', '4', '6', '2022-06-14', '2022-06-14 20:58:37', ''),
(106, '4', '165', '350', '0', '350', '10', '1650', '340', '350', '1650', '10', '1', '1', '4', '6', '2022-06-14', '2022-06-14 20:59:23', ''),
(107, '5', '165', '9700', '0', '9700', '7723', '1274295', '1977', '1900', '1274295', '-77', '1', '1', '4', '6', '2022-06-14', '2022-06-14 21:00:46', ''),
(108, '6', '700', '300', '8400', '8700', '800', '640000', '7900', '7850', '560000', '-50', '1', '1', '4', '8', '2022-06-14', '2022-06-14 21:07:34', ''),
(109, '7', '700', '100', '11000', '11100', '3476', '2780805', '7624', '7600', '2433200', '-24', '1', '1', '4', '8', '2022-06-14', '2022-06-14 21:08:31', ''),
(110, '8', '345', '100', '0', '100', '0', '0', '100', '100', '0', '0', '1', '1', '4', '8', '2022-06-14', '2022-06-14 22:29:45', ''),
(111, '', '345', '100', '11000', '11100', '', '', '', '', '', '', '1', '1', '6', '', '2022-06-14', '', '1'),
(112, '16', '165', '50', '0', '50', '4625', '763190', '-4575', '', '763125', '', '1', '3', '3', '9', '2022-06-15', '2022-06-15 21:28:57', ''),
(113, '17', '165', '8100', '0', '8100', '4729.14', '780370', '3370.86', '', '780308.1', '', '1', '3', '3', '9', '2022-06-15', '2022-06-15 21:36:01', ''),
(114, '18', '165', '7100', '0', '7100', '6951.76', '1147080', '148.24', '', '1147040.4', '', '1', '3', '3', '9', '2022-06-15', '2022-06-15 21:37:14', ''),
(115, '19', '165', '650', '0', '650', '', '', '', '', '', '', '1', '3', '3', '', '2022-06-15', '', ''),
(116, '20', '165', '0', '0', '0', '', '', '', '', '', '', '1', '3', '3', '', '2022-06-15', '', ''),
(117, '21', '800', '14150', '0', '14150', '1145', '916040', '13005', '', '916000', '', '1', '3', '3', '9', '2022-06-15', '2022-06-15 21:39:01', ''),
(118, '22', '800', '8500', '0', '8500', '3278', '2622440', '5222', '', '2622400', '', '1', '3', '3', '9', '2022-06-15', '2022-06-15 21:39:59', ''),
(119, '9', '165', '250', '0', '250', '', '', '', '', '', '', '1', '2', '11', '', '2022-06-15', '', ''),
(120, '10', '165', '500', '0', '500', '', '', '', '', '', '', '1', '2', '11', '', '2022-06-15', '', ''),
(121, '11', '165', '100', '0', '100', '', '', '', '', '', '', '1', '2', '11', '', '2022-06-15', '', ''),
(122, '12', '165', '700', '0', '700', '356', '58740', '344', '', '58740', '', '1', '2', '11', '13', '2022-06-15', '2022-06-15 19:12:51', ''),
(123, '14', '750', '2600', '2600', '5200', '115.8', '92640', '5084.2', '', '86850', '', '1', '2', '11', '13', '2022-06-15', '2022-06-15 19:14:55', ''),
(124, '1', '165', '1050', '0', '1050', '2739', '451940', '-1689', '', '451935', '', '1', '1', '4', '6', '2022-06-15', '2022-06-15 21:06:53', ''),
(125, '2', '165', '3200', '0', '3200', '', '', '', '', '', '', '1', '1', '4', '', '2022-06-15', '', ''),
(126, '3', '165', '600', '0', '600', '', '', '', '', '', '', '1', '1', '4', '', '2022-06-15', '', ''),
(127, '4', '165', '350', '0', '350', '', '', '', '', '', '', '1', '1', '4', '', '2022-06-15', '', ''),
(128, '6', '800', '7850', '0', '7850', '473', '378400', '7377', '7850', '378400', '0', '1', '1', '4', '6', '2022-06-15', '2022-06-15 21:08:45', ''),
(129, '5', '165', '1900', '0', '1900', '1751', '288915', '149', '', '288915', '', '1', '1', '4', '6', '2022-06-15', '2022-06-15 21:08:07', ''),
(130, '7', '800', '7600', '0', '7600', '231', '184800', '7369', '', '184800', '', '1', '1', '4', '6', '2022-06-15', '2022-06-15 21:09:26', ''),
(131, '8', '345', '100', '0', '100', '', '', '', '', '', '', '1', '1', '4', '', '2022-06-15', '', '');

-- --------------------------------------------------------

--
-- Table structure for table `expenses`
--

CREATE TABLE `expenses` (
  `id` int(11) NOT NULL,
  `company_id` varchar(191) DEFAULT NULL,
  `branch_id` varchar(191) DEFAULT NULL,
  `title` varchar(191) NOT NULL,
  `quantity` varchar(191) NOT NULL,
  `amount` varchar(191) NOT NULL,
  `narration` varchar(255) NOT NULL,
  `created_by` varchar(191) NOT NULL,
  `created_at` date NOT NULL,
  `updated_at` datetime NOT NULL,
  `deleted` varchar(2) DEFAULT NULL
) ENGINE=InnoDB DEFAULT CHARSET=utf8mb4;

--
-- Dumping data for table `expenses`
--

INSERT INTO `expenses` (`id`, `company_id`, `branch_id`, `title`, `quantity`, `amount`, `narration`, `created_by`, `created_at`, `updated_at`, `deleted`) VALUES
(1, '1', '3', 'AGO', '100ltrs', '80000', 'AROMA TOLLGATE AGO FOR GENERATOR', '7', '2022-06-09', '0000-00-00 00:00:00', ''),
(2, '1', '3', 'AGO', '400ltrs', '320000', 'AROMA IWO ROAD AGO FOR GENERATOR', '7', '2022-06-09', '0000-00-00 00:00:00', ''),
(3, '1', '3', 'AGO', '185ltrs', '148000', 'OLAK PET AGO FOR GENERATOR', '7', '2022-06-09', '0000-00-00 00:00:00', ''),
(4, '1', '3', 'o', '0', '2000', 'Mr Rasaq food money', '7', '2022-06-09', '0000-00-00 00:00:00', ''),
(5, '1', '3', '0', '0', '2000', 'Fire service staff entertainment', '7', '2022-06-09', '0000-00-00 00:00:00', ''),
(6, '1', '3', '0', '0', '199000', 'Buying of iron for werehouse repair', '7', '2022-06-09', '0000-00-00 00:00:00', ''),
(7, '1', '3', '0', '0', '300', 'Mr Taofeek transport to bank', '7', '2022-06-09', '0000-00-00 00:00:00', ''),
(8, '1', '3', '0', '0', '199000', 'Transport expenses from ilorin.', '7', '2022-06-09', '0000-00-00 00:00:00', ''),
(9, '1', '1', 'Olak Generator', '118L of AGO', '88500', 'fuelling of generator', '8', '2022-06-10', '0000-00-00 00:00:00', ''),
(10, '1', '1', 'pump maintenance', '', '1500', 'repair of pump norzle', '8', '2022-06-10', '0000-00-00 00:00:00', ''),
(11, '1', '1', 'Access bank', '42.42L of PMS', '7000', 'access bank bought fuel', '8', '2022-06-10', '0000-00-00 00:00:00', ''),
(12, '1', '1', 'Zenith Bank', '30L of PMS', '4950', 'zenith bought fuel', '8', '2022-06-10', '0000-00-00 00:00:00', ''),
(13, '1', '1', 'Transport', '', '300', 'transport to bank', '8', '2022-06-10', '0000-00-00 00:00:00', ''),
(14, '1', '1', 'Bank Expenses', '', '500', 'expenses at wema bank', '8', '2022-06-10', '0000-00-00 00:00:00', ''),
(15, '1', '1', 'Emmanuel attendant', '', '500', 'shortage of cash', '8', '2022-06-10', '0000-00-00 00:00:00', ''),
(16, '1', '1', 'Kazeem attendant', '', '750', 'shortage of cash', '8', '2022-06-10', '2022-06-10 20:17:12', ''),
(17, '1', '1', 'Station use', '', '200', 'olak pet use', '8', '2022-06-10', '0000-00-00 00:00:00', ''),
(18, '1', '2', 'Generator ', '30 ltrs', '22500', 'For generator ', '12', '2022-06-10', '0000-00-00 00:00:00', ''),
(19, '1', '1', 'Public toilet', '', '700', 'Air freshener', '8', '2022-06-10', '0000-00-00 00:00:00', ''),
(20, '1', '2', 'Transport ', '', '500', 'Transport to head office ', '12', '2022-06-10', '0000-00-00 00:00:00', ''),
(21, '1', '2', 'Plumbing ', '', '3000', 'Plumbing materials for toilet ', '12', '2022-06-10', '0000-00-00 00:00:00', ''),
(22, '1', '2', 'Muhydeen', '', '2000', 'Muhydeen shortage', '12', '2022-06-10', '0000-00-00 00:00:00', ''),
(23, '1', '2', 'Workmanship ', '', '1000', 'Workmanship ', '12', '2022-06-10', '0000-00-00 00:00:00', ''),
(24, '1', '2', 'Station use', '', '200', 'Station ', '12', '2022-06-10', '0000-00-00 00:00:00', ''),
(25, '1', '3', 'AGO', '100LTRS', '80000', 'Aroma Tollgate  ago for generator.', '7', '2022-06-10', '0000-00-00 00:00:00', ''),
(26, '1', '3', '0', '0', '8450', 'Alhaji Sulaimon buying drugs', '7', '2022-06-10', '0000-00-00 00:00:00', ''),
(27, '1', '3', '0', '0', '11800', 'Buying of 3bags of cements for backery renovation', '7', '2022-06-10', '0000-00-00 00:00:00', ''),
(28, '1', '3', '0', '0', '500', 'Security transport.', '7', '2022-06-10', '0000-00-00 00:00:00', ''),
(29, '1', '3', '0', '0', '7000', 'Labour workmanship.', '7', '2022-06-10', '0000-00-00 00:00:00', ''),
(30, '1', '3', '0', '0', '10000', 'Eko welder collected', '7', '2022-06-10', '0000-00-00 00:00:00', ''),
(31, '1', '3', '0', '0', '4000', 'Ajhaji Muda car repare', '7', '2022-06-10', '0000-00-00 00:00:00', ''),
(32, '1', '3', '0', '0', '20000', 'Money for survior general.', '7', '2022-06-10', '0000-00-00 00:00:00', ''),
(33, '1', '3', '0', '0', '7500', 'Touchlight for securities', '7', '2022-06-10', '0000-00-00 00:00:00', ''),
(34, '1', '3', '0', '0', '300', 'Transport to bank', '7', '2022-06-10', '0000-00-00 00:00:00', ''),
(35, '1', '3', '0', '0', '160000', 'Transport expenses from ilorin.', '7', '2022-06-10', '0000-00-00 00:00:00', ''),
(36, '1', '2', 'Gen', '25 ltrs', '18750', 'generator use', '12', '2022-06-11', '0000-00-00 00:00:00', ''),
(37, '1', '2', 'Usa', '5 ltrs of AGO', '3750', 'USAMATU Driver collect 5ltrs of AGO', '12', '2022-06-11', '0000-00-00 00:00:00', ''),
(38, '1', '2', 'Rubber', '', '1000', 'Rubber for pump 2', '12', '2022-06-11', '0000-00-00 00:00:00', ''),
(39, '1', '2', 'Transport', '', '300', 'Transport to Olak', '12', '2022-06-11', '0000-00-00 00:00:00', ''),
(40, '1', '2', 'Staff allowance', '', '18800', 'Staff Allowance', '12', '2022-06-11', '0000-00-00 00:00:00', ''),
(41, '1', '1', 'Access bank', '78.78L', '13000', 'access bank bought PMS', '8', '2022-06-11', '0000-00-00 00:00:00', ''),
(42, '1', '1', 'Access bank', '78.78L', '13000', 'access bank bought fuel with coupon', '8', '2022-06-11', '0000-00-00 00:00:00', ''),
(43, '1', '1', 'Mr. Patrick', '158.48L of PMS', '26150', 'Patrick bought fuel on credit', '8', '2022-06-11', '0000-00-00 00:00:00', ''),
(44, '1', '1', 'Tuesday James', '18.18L of PMS', '3000', 'Baba Tuesday  bought PMS on loan', '8', '2022-06-11', '0000-00-00 00:00:00', ''),
(45, '1', '1', 'Soilu Abu', '6.06L of PMS', '1000', 'bought PMS on loan', '8', '2022-06-11', '0000-00-00 00:00:00', ''),
(46, '1', '1', 'Olak Generator', '150L of AGO', '120000', 'fueling of Olak generator', '8', '2022-06-11', '0000-00-00 00:00:00', ''),
(47, '1', '1', 'pump maintenance', '', '7000', 'Changing of SSR of pump 2', '8', '2022-06-11', '0000-00-00 00:00:00', ''),
(48, '1', '1', 'Staff welfare', '', '23600', 'weekend allowance @ Olak pet Ilorin', '8', '2022-06-11', '0000-00-00 00:00:00', ''),
(49, '1', '1', 'Car wash ', '', '500', 'car wash c/o Frontier', '8', '2022-06-11', '0000-00-00 00:00:00', ''),
(50, '1', '1', 'PR', '', '20000', 'director gift to Tayo DPR', '8', '2022-06-11', '0000-00-00 00:00:00', ''),
(51, '1', '1', 'Abiodun Lawal', '', '10000', 'loan c/o legacy', '8', '2022-06-11', '0000-00-00 00:00:00', ''),
(52, '1', '1', 'grinding machine', '5L of PMS', '825', 'fueling of grinding machine', '8', '2022-06-11', '0000-00-00 00:00:00', ''),
(53, '1', '1', 'Maruf Olaniyan', '', '22000', 'Dispense error on POS', '8', '2022-06-11', '0000-00-00 00:00:00', ''),
(54, '1', '1', 'Adegoke Sunday', '', '74000', 'dispense error on Access POS c/o Adele', '8', '2022-06-11', '2022-06-11 18:52:23', ''),
(55, '1', '1', 'Ibrahim Labaika', '', '5000', 'loan c/o PMS', '8', '2022-06-11', '0000-00-00 00:00:00', ''),
(56, '1', '3', 'o', '0', '2000', 'Mr Rasaq pump mentainance food', '7', '2022-06-11', '0000-00-00 00:00:00', ''),
(57, '1', '3', '0', '0', '900', 'Buying of soap.', '7', '2022-06-11', '0000-00-00 00:00:00', ''),
(58, '1', '3', '0', '0', '1000', 'Buying of hardcover book.', '7', '2022-06-11', '0000-00-00 00:00:00', ''),
(59, '1', '3', 'pms', '20ltrs', '3300', 'Alhaji Sulaimon petroleum used.', '7', '2022-06-11', '0000-00-00 00:00:00', ''),
(60, '1', '3', '0', '0', '271800', 'Transport expenses from transporters.', '7', '2022-06-11', '0000-00-00 00:00:00', ''),
(61, '1', '3', '0', '0', '24000', 'Transport expenses from transporters.', '7', '2022-06-12', '0000-00-00 00:00:00', ''),
(62, '1', '3', 'AGO', '150ltrs', '120000', 'Ago for olak pet generator.', '7', '2022-06-12', '0000-00-00 00:00:00', ''),
(63, '1', '2', 'Gen', '20 ltrs of AGO', '16000', 'Generator use', '12', '2022-06-13', '0000-00-00 00:00:00', ''),
(64, '1', '2', 'Alfa pump', '', '650', 'Alfa pump Transport', '12', '2022-06-13', '0000-00-00 00:00:00', ''),
(65, '1', '2', 'lampoder ', '', '750', 'lampoda and bob', '12', '2022-06-13', '0000-00-00 00:00:00', ''),
(66, '1', '2', 'Sucket', '', '800', 'Socket ', '12', '2022-06-13', '0000-00-00 00:00:00', ''),
(67, '1', '2', 'Workmanship', '', '1000', 'Workmanship of electrician', '12', '2022-06-13', '0000-00-00 00:00:00', ''),
(68, '1', '2', 'Transport', '', '200', 'Transport to Olak', '12', '2022-06-13', '0000-00-00 00:00:00', ''),
(69, '1', '2', 'Muhydeen ', '', '955', 'Muhydeen shortage', '12', '2022-06-13', '0000-00-00 00:00:00', ''),
(70, '1', '1', 'Olak Generator', '100L of AGO', '80000', 'fueling of Olak generator', '8', '2022-06-13', '0000-00-00 00:00:00', ''),
(71, '1', '1', 'Frontier Nissan', '40L of PMS', '6600', 'credit sale', '8', '2022-06-13', '0000-00-00 00:00:00', ''),
(72, '1', '1', 'KIA Jeep', '48L of PMS', '7920', 'Credit sale c/o HR', '8', '2022-06-13', '0000-00-00 00:00:00', ''),
(73, '1', '1', 'Mr. Patrick', '78.24L of PMS', '12910', 'Credit sales', '8', '2022-06-13', '0000-00-00 00:00:00', ''),
(74, '1', '1', 'Waste disposal', '', '12000', 'payment for the month of may', '8', '2022-06-13', '0000-00-00 00:00:00', ''),
(75, '1', '1', 'Ridwan Olaniyi', '', '1500', 'loan c/o PMS', '8', '2022-06-13', '0000-00-00 00:00:00', ''),
(76, '1', '1', 'Transport Department', '', '50000', 'expenses of Transport c/o Alh. Tunde', '8', '2022-06-13', '0000-00-00 00:00:00', ''),
(77, '1', '1', 'Kazeem attendant', '', '1000', 'shortage  c/o sales', '8', '2022-06-13', '0000-00-00 00:00:00', ''),
(78, '1', '1', 'Abiodun Lawal', '', '5000', 'loan c/o legacy', '8', '2022-06-13', '0000-00-00 00:00:00', ''),
(79, '1', '1', 'GRA house', '25L of AGO', '20000', 'fueling of GRA\'s generator', '8', '2022-06-13', '0000-00-00 00:00:00', ''),
(80, '1', '1', 'Olak Roofing', '', '11800', 'loan c/o Alhaji Taofiq', '8', '2022-06-13', '0000-00-00 00:00:00', ''),
(81, '1', '1', 'Alhaji Lukman', '', '84350', 'declined of POS transaction', '8', '2022-06-13', '0000-00-00 00:00:00', ''),
(82, '1', '1', 'Fatai Abdulsalam', '', '2000', 'loan c/o PMS', '8', '2022-06-13', '0000-00-00 00:00:00', ''),
(83, '1', '1', 'Weekend allowance', '', '2000', 'weekend allowance c/o Ade cashier', '8', '2022-06-13', '0000-00-00 00:00:00', ''),
(84, '1', '3', 'AGO', '100ltrs', '80000', 'Aroma tollgate generator ago.', '7', '2022-06-13', '0000-00-00 00:00:00', ''),
(85, '1', '3', '0', '0', '176000', 'Transport expenses from transporters.', '7', '2022-06-13', '0000-00-00 00:00:00', ''),
(86, '1', '3', '0', '0', '2000', 'Mr Rasaq pump mentainance food.', '7', '2022-06-13', '0000-00-00 00:00:00', ''),
(87, '1', '3', '0', '0', '8400', 'Securities transport.', '7', '2022-06-13', '0000-00-00 00:00:00', ''),
(88, '1', '3', '0', '0', '500', 'Buying of bulb', '7', '2022-06-13', '0000-00-00 00:00:00', ''),
(89, '1', '3', '0', '0', '2000', 'Eko welder transport  to eleyele.', '7', '2022-06-13', '0000-00-00 00:00:00', ''),
(90, '1', '2', 'Gen ', '20 ltrs AGO', '160000', 'Generator Use', '12', '2022-06-14', '0000-00-00 00:00:00', ''),
(91, '1', '2', 'Nozzle', '', '2000', 'Nozzle repair of pump 2', '12', '2022-06-14', '0000-00-00 00:00:00', ''),
(92, '1', '2', 'Alfa pump', '', '500', 'Alfa pump Transport', '12', '2022-06-14', '0000-00-00 00:00:00', ''),
(93, '1', '2', 'ADE STAR', '125 LTRS PMS', '20625', 'ADE STAR ', '12', '2022-06-14', '0000-00-00 00:00:00', ''),
(94, '1', '3', '0', '0', '500', 'Mr Biodun Transport to bank.', '7', '2022-06-14', '0000-00-00 00:00:00', ''),
(95, '1', '3', '0', '0', '5000', 'Alhaji sulaimon buying drugs.', '7', '2022-06-14', '0000-00-00 00:00:00', ''),
(96, '1', '3', '0', '0', '11000', 'mr sikiru bakery for medical treatement', '7', '2022-06-14', '0000-00-00 00:00:00', ''),
(97, '1', '3', '0', '0', '400', 'Buying of sacks bag', '7', '2022-06-14', '0000-00-00 00:00:00', ''),
(98, '1', '3', '0', '0', '300', 'Transport to bank', '7', '2022-06-14', '0000-00-00 00:00:00', ''),
(99, '1', '3', '0', '0', '16000', 'Transport expenses from transporters.', '7', '2022-06-14', '0000-00-00 00:00:00', ''),
(100, '1', '3', '0', '0', '39500', 'Buying of matrass, pillow and transport.', '7', '2022-06-14', '0000-00-00 00:00:00', ''),
(101, '1', '3', '0', '0', '7500', 'Alhaji muda car repair.', '7', '2022-06-14', '0000-00-00 00:00:00', ''),
(102, '1', '3', '0', '0', '10000', 'Senior staff weekly allowance.', '7', '2022-06-14', '0000-00-00 00:00:00', ''),
(103, '1', '3', '0', '0', '18000', 'Attendant weekly allowance.', '7', '2022-06-14', '0000-00-00 00:00:00', ''),
(104, '1', '3', 'AGO', '600ltrs', '480000', 'King waxtee nig ltd, ago buying.', '7', '2022-06-14', '0000-00-00 00:00:00', ''),
(105, '1', '1', 'Funnel', '', '2000', '2 pieces of funnel was bought c/o discharging and fueling of generator', '8', '2022-06-14', '0000-00-00 00:00:00', ''),
(106, '1', '1', 'Customer relation ', '2L of pms', '330', 'This was given as a PR to a customer', '8', '2022-06-14', '2022-06-14 21:51:46', ''),
(107, '1', '1', 'NUPENG', '', '5500', 'Nupeng due on AGO brought from Lagos ', '8', '2022-06-14', '0000-00-00 00:00:00', ''),
(108, '1', '1', 'Patrick ', '67L', '11055', 'Credit sales', '8', '2022-06-14', '0000-00-00 00:00:00', ''),
(109, '1', '1', 'Access bank', '42.42L of PMS', '7000', 'Credit sales', '8', '2022-06-14', '0000-00-00 00:00:00', ''),
(110, '1', '1', 'Station use', '', '400', 'Olak pet use', '8', '2022-06-14', '0000-00-00 00:00:00', ''),
(111, '1', '1', 'Olak generator ', '300L of AGO', '240000', 'fueling of the station generator ', '8', '2022-06-14', '0000-00-00 00:00:00', ''),
(112, '1', '1', 'Bank expenses ', '', '500', 'expenses incurred at bank', '8', '2022-06-14', '0000-00-00 00:00:00', ''),
(113, '1', '1', 'Transportation ', '', '300', 'Transportation to bank', '8', '2022-06-14', '0000-00-00 00:00:00', ''),
(114, '1', '1', 'Rubber band', '', '700', 'for cashier\'s office', '8', '2022-06-14', '2022-06-14 21:50:15', ''),
(115, '1', '1', 'Mr. Bello accountant', '30.30L of PMS', '5000', 'loan c/o PMS', '8', '2022-06-14', '0000-00-00 00:00:00', ''),
(116, '1', '1', 'GM', '32.42L of PMS', '5350', 'loan c/o PMS', '8', '2022-06-14', '2022-06-14 22:27:31', ''),
(117, '1', '1', 'Fatai', '', '2000', 'loan c/o PMS', '8', '2022-06-14', '0000-00-00 00:00:00', ''),
(118, '1', '1', 'Kazeem attendant ', '', '500', 'Cash shortage', '8', '2022-06-14', '2022-06-14 21:50:54', ''),
(119, '1', '1', 'Rebecca attendant', '', '780', 'Cash shortage', '8', '2022-06-14', '0000-00-00 00:00:00', ''),
(120, '1', '1', 'Santa attendant', '', '1780', 'Cash shortage', '8', '2022-06-14', '0000-00-00 00:00:00', ''),
(121, '1', '1', 'Transport department ', '', '17000', 'loan c/o Alhaji Tunde', '8', '2022-06-14', '0000-00-00 00:00:00', ''),
(122, '1', '1', 'Pump maintenance ', '', '10000', 'Part-paymentc/o electric motor of pump 2', '8', '2022-06-14', '0000-00-00 00:00:00', ''),
(123, '1', '1', 'Victoria attendant', '', '780', 'Cash shortage', '8', '2022-06-14', '0000-00-00 00:00:00', ''),
(124, '1', '1', 'Olak Roofing', '1250L of AGO', '1000000', 'Credit sale c/o factory', '8', '2022-06-14', '0000-00-00 00:00:00', ''),
(125, '1', '1', 'Transport department ', '700L of AGO', '560000', 'Credit sale c/o Baba Oyo', '8', '2022-06-14', '0000-00-00 00:00:00', ''),
(126, '1', '1', 'Transport department ', '700L of AGO', '560000', 'Credit sales c/o   Ramon', '8', '2022-06-14', '0000-00-00 00:00:00', ''),
(127, '1', '1', 'Transport department ', '400L of AGO ', '320000', 'Credit sales c/o Issa, ', '8', '2022-06-14', '0000-00-00 00:00:00', ''),
(128, '1', '2', 'Gen', '20ltrs', '16000', 'Generator use', '12', '2022-06-15', '0000-00-00 00:00:00', ''),
(129, '1', '2', 'Oba driver', '20 ltrs of ago', '16000', 'Akeem Oba drivers ', '12', '2022-06-15', '0000-00-00 00:00:00', ''),
(130, '1', '2', 'Police', '18.4 ltrs of pms', '2990', 'Police gift', '12', '2022-06-15', '0000-00-00 00:00:00', ''),
(131, '1', '2', 'Transport ', '', '250', 'Transport to olak', '12', '2022-06-15', '0000-00-00 00:00:00', ''),
(132, '1', '1', 'Aroma', '200L of AGO', '160000', 'Credit sales', '8', '2022-06-15', '0000-00-00 00:00:00', ''),
(133, '1', '1', 'Plumbing ', '', '13000', 'Plumber ing materials were bought ', '8', '2022-06-15', '0000-00-00 00:00:00', ''),
(134, '1', '1', 'Eucharistic', '60.60L of PMS', '10000', 'Credit sales', '8', '2022-06-15', '0000-00-00 00:00:00', ''),
(135, '1', '1', 'Was it cleaner', '', '2200', 'loan', '8', '2022-06-15', '0000-00-00 00:00:00', ''),
(136, '1', '1', 'Yusuf Baba', '', '1000', 'Loan c/o PMS', '8', '2022-06-15', '0000-00-00 00:00:00', ''),
(137, '1', '1', 'Transportation ', '', '400', 'Transport c/o bank', '8', '2022-06-15', '0000-00-00 00:00:00', ''),
(138, '1', '1', 'Station use', '', '200', 'Data c/o POS', '8', '2022-06-15', '0000-00-00 00:00:00', ''),
(139, '1', '1', 'Glue', '', '500', 'Purchase of super glue', '8', '2022-06-15', '0000-00-00 00:00:00', ''),
(140, '1', '3', 'pms', '34.24ltrs', '5650', 'Lawyer asanike pms.', '7', '2022-06-15', '0000-00-00 00:00:00', ''),
(141, '1', '3', 'pms', '10ltrs', '1650', 'Mr Orji pms to call crain driver', '7', '2022-06-15', '0000-00-00 00:00:00', ''),
(142, '1', '3', '0', '0', '2000', 'Mr Rasaq pump mentainance food.', '7', '2022-06-15', '0000-00-00 00:00:00', ''),
(143, '1', '3', 'o', '0', '300', 'Transport to bank.', '7', '2022-06-15', '0000-00-00 00:00:00', ''),
(144, '1', '3', '0', '0', '20000', 'Mr Taofeeq iwo road building for medical treatment.', '7', '2022-06-15', '0000-00-00 00:00:00', ''),
(145, '1', '1', 'Mr. Patrick ', '188.48L of PMS', '31100', 'Credit sales', '8', '2022-06-15', '2022-06-15 21:24:17', ''),
(146, '1', '1', 'Mr. Patrick ', '148L of AGO', '118400', 'Credit sales', '8', '2022-06-15', '0000-00-00 00:00:00', '');

-- --------------------------------------------------------

--
-- Table structure for table `products`
--

CREATE TABLE `products` (
  `id` int(11) NOT NULL,
  `name` varchar(191) NOT NULL,
  `tank` varchar(5) NOT NULL,
  `rate` varchar(191) NOT NULL,
  `branch_id` varchar(50) NOT NULL,
  `created_at` datetime NOT NULL,
  `deleted` varchar(5) DEFAULT NULL
) ENGINE=InnoDB DEFAULT CHARSET=utf8mb4;

--
-- Dumping data for table `products`
--

INSERT INTO `products` (`id`, `name`, `tank`, `rate`, `branch_id`, `created_at`, `deleted`) VALUES
(1, 'PMS', '1', '165', '1', '2022-05-30 04:13:36', ''),
(2, 'PMS', '2', '165', '1', '2022-05-30 04:14:04', ''),
(3, 'PMS', '3', '165', '1', '2022-05-30 04:14:19', ''),
(4, 'PMS', '4', '165', '1', '2022-05-30 04:14:34', ''),
(5, 'PMS', '5', '165', '1', '2022-05-30 04:14:46', ''),
(6, 'AGO', '6', '800', '1', '2022-05-30 04:15:05', ''),
(7, 'AGO', '7', '800', '1', '2022-05-30 04:15:18', ''),
(8, 'DPK', '8', '345', '1', '2022-05-30 04:15:31', ''),
(9, 'PMS', '1', '165', '2', '2022-05-30 04:13:36', ''),
(10, 'PMS', '2', '165', '2', '2022-05-30 04:14:04', ''),
(11, 'PMS', '3', '165', '2', '2022-05-30 04:14:19', ''),
(12, 'PMS', '4', '165', '2', '2022-05-30 04:14:34', ''),
(13, 'PMS', '5', '165', '2', '2022-05-30 04:14:46', '1'),
(14, 'AGO', '6', '750', '2', '2022-05-30 04:15:05', ''),
(15, 'AGO', '7', '750', '2', '2022-05-30 04:15:18', '1'),
(16, 'PMS', '1', '165', '3', '2022-05-30 04:13:36', NULL),
(17, 'PMS', '2', '165', '3', '2022-05-30 04:14:04', NULL),
(18, 'PMS', '3', '165', '3', '2022-05-30 04:14:19', NULL),
(19, 'PMS', '4', '165', '3', '2022-05-30 04:14:34', ''),
(20, 'PMS', '5', '165', '3', '2022-05-30 04:14:46', ''),
(21, 'AGO', '6', '800', '3', '2022-05-30 04:15:05', ''),
(22, 'AGO', '7', '800', '3', '2022-05-30 04:15:18', ''),
(23, 'pms', '1', '165', '3', '2022-06-12 14:25:47', '1'),
(24, 'pms', '2', '165', '3', '2022-06-12 14:26:44', '1'),
(25, 'pms', '3', '165', '3', '2022-06-12 14:27:40', '1'),
(26, 'DPK', '8', '650', '2', '2022-06-13 08:37:11', '');

-- --------------------------------------------------------

--
-- Table structure for table `remittance`
--

CREATE TABLE `remittance` (
  `id` int(11) NOT NULL,
  `rate` varchar(191) NOT NULL,
  `quantity` varchar(191) NOT NULL,
  `amount` varchar(191) NOT NULL,
  `narration` varchar(255) NOT NULL,
  `created_by` varchar(5) NOT NULL,
  `created_at` date NOT NULL,
  `updated_at` datetime NOT NULL,
  `deleted` varchar(5) NOT NULL
) ENGINE=InnoDB DEFAULT CHARSET=utf8mb4;

--
-- Indexes for dumped tables
--

--
-- Indexes for table `access_control`
--
ALTER TABLE `access_control`
  ADD PRIMARY KEY (`id`);

--
-- Indexes for table `admins`
--
ALTER TABLE `admins`
  ADD PRIMARY KEY (`id`);

--
-- Indexes for table `branches`
--
ALTER TABLE `branches`
  ADD PRIMARY KEY (`id`);

--
-- Indexes for table `cash_flow`
--
ALTER TABLE `cash_flow`
  ADD PRIMARY KEY (`id`);

--
-- Indexes for table `companies`
--
ALTER TABLE `companies`
  ADD PRIMARY KEY (`id`);

--
-- Indexes for table `data_sheet`
--
ALTER TABLE `data_sheet`
  ADD PRIMARY KEY (`id`);

--
-- Indexes for table `expenses`
--
ALTER TABLE `expenses`
  ADD PRIMARY KEY (`id`);

--
-- Indexes for table `products`
--
ALTER TABLE `products`
  ADD PRIMARY KEY (`id`);

--
-- Indexes for table `remittance`
--
ALTER TABLE `remittance`
  ADD PRIMARY KEY (`id`);

--
-- AUTO_INCREMENT for dumped tables
--

--
-- AUTO_INCREMENT for table `access_control`
--
ALTER TABLE `access_control`
  MODIFY `id` int(11) NOT NULL AUTO_INCREMENT, AUTO_INCREMENT=17;

--
-- AUTO_INCREMENT for table `admins`
--
ALTER TABLE `admins`
  MODIFY `id` int(11) NOT NULL AUTO_INCREMENT, AUTO_INCREMENT=17;

--
-- AUTO_INCREMENT for table `branches`
--
ALTER TABLE `branches`
  MODIFY `id` int(11) NOT NULL AUTO_INCREMENT, AUTO_INCREMENT=4;

--
-- AUTO_INCREMENT for table `cash_flow`
--
ALTER TABLE `cash_flow`
  MODIFY `id` int(11) NOT NULL AUTO_INCREMENT, AUTO_INCREMENT=15;

--
-- AUTO_INCREMENT for table `companies`
--
ALTER TABLE `companies`
  MODIFY `id` int(11) NOT NULL AUTO_INCREMENT, AUTO_INCREMENT=2;

--
-- AUTO_INCREMENT for table `data_sheet`
--
ALTER TABLE `data_sheet`
  MODIFY `id` int(11) NOT NULL AUTO_INCREMENT, AUTO_INCREMENT=132;

--
-- AUTO_INCREMENT for table `expenses`
--
ALTER TABLE `expenses`
  MODIFY `id` int(11) NOT NULL AUTO_INCREMENT, AUTO_INCREMENT=147;

--
-- AUTO_INCREMENT for table `products`
--
ALTER TABLE `products`
  MODIFY `id` int(11) NOT NULL AUTO_INCREMENT, AUTO_INCREMENT=27;

--
-- AUTO_INCREMENT for table `remittance`
--
ALTER TABLE `remittance`
  MODIFY `id` int(11) NOT NULL AUTO_INCREMENT;
COMMIT;

/*!40101 SET CHARACTER_SET_CLIENT=@OLD_CHARACTER_SET_CLIENT */;
/*!40101 SET CHARACTER_SET_RESULTS=@OLD_CHARACTER_SET_RESULTS */;
/*!40101 SET COLLATION_CONNECTION=@OLD_COLLATION_CONNECTION */;
